KH1,KH1-2.jpg
KH1,KH1-3.jpg
KH1,KH1-4.jpg
KH1,KH1-5.jpg
KH1,KH1-6.jpg
KH2,KH2-2.jpg
KH2,KH2-3.jpg
KH2,KH2-4.jpg
KH2,KH2-5.jpg
KH2,KH2-6.jpg
KH3,KH3-2.jpg
KH3,KH3-3.jpg
KH3,KH3-4.jpg
KH3,KH3-5.jpg
KH3,KH3-6.jpg
KH4,KH4-2.jpg
KH4,KH4-3.jpg
KH4,KH4-4.jpg
KH4,KH4-5.jpg
KH4,KH4-6.jpg
KH5,KH5-2.jpg
KH5,KH5-3.jpg
KH5,KH5-4.jpg
KH5,KH5-5.jpg
KH5,KH5-6.jpg
KH6,KH6-2.jpg
KH6,KH6-3.jpg
KH6,KH6-4.jpg
KH6,KH6-5.jpg
KH6,KH6-6.jpg
KH7,KH7-2.jpg
KH7,KH7-3.jpg
KH7,KH7-4.jpg
KH7,KH7-5.jpg
KH7,KH7-6.jpg
KH8,KH8-2.jpg
KH8,KH8-3.jpg
KH8,KH8-4.jpg
KH8,KH8-5.jpg
KH8,KH8-6.jpg
KH9,KH9-2.jpg
KH9,KH9-3.jpg
KH9,KH9-4.jpg
KH9,KH9-5.jpg
KH9,KH9-6.jpg
KH10,KH10-2.jpg
KH10,KH10-3.jpg
KH10,KH10-4.jpg
KH10,KH10-5.jpg
KH10,KH10-6.jpg
KH11,KH11-2.jpg
KH11,KH11-3.jpg
KH11,KH11-4.jpg
KH11,KH11-5.jpg
KH11,KH11-6.jpg
KH12,KH12-2.jpg
KH12,KH12-3.jpg
KH12,KH12-4.jpg
KH12,KH12-5.jpg
KH12,KH12-6.jpg
KH13,KH13-2.jpg
KH13,KH13-3.jpg
KH13,KH13-4.jpg
KH13,KH13-5.jpg
KH13,KH13-6.jpg
KH14,KH14-2.jpg
KH14,KH14-3.jpg
KH14,KH14-4.jpg
KH14,KH14-5.jpg
KH14,KH14-6.jpg
KH15,KH15-2.jpg
KH15,KH15-3.jpg
KH15,KH15-4.jpg
KH15,KH15-5.jpg
KH15,KH15-6.jpg
KH16,KH16-2.jpg
KH16,KH16-3.jpg
KH16,KH16-4.jpg
KH16,KH16-5.jpg
KH16,KH16-6.jpg
KH17,KH17-2.jpg
KH17,KH17-3.jpg
KH17,KH17-4.jpg
KH17,KH17-5.jpg
KH17,KH17-6.jpg
KH18,KH18-2.jpg
KH18,KH18-3.jpg
KH18,KH18-4.jpg
KH18,KH18-5.jpg
KH18,KH18-6.jpg
KH19,KH19-2.jpg
KH19,KH19-3.jpg
KH19,KH19-4.jpg
KH19,KH19-5.jpg
KH19,KH19-6.jpg
KH20,KH20-2.jpg
KH20,KH20-3.jpg
KH20,KH20-4.jpg
KH20,KH20-5.jpg
KH20,KH20-6.jpg
NT21,NT21-2.jpg
NT21,NT21-3.jpg
NT21,NT21-4.jpg
NT21,NT21-5.jpg
NT21,NT21-6.jpg
NT22,NT22-2.jpg
NT22,NT22-3.jpg
NT22,NT22-4.jpg
NT22,NT22-5.jpg
NT22,NT22-6.jpg
NT23,NT23-2.jpg
NT23,NT23-3.jpg
NT23,NT23-4.jpg
NT23,NT23-5.jpg
NT23,NT23-6.jpg
NT24,NT24-2.jpg
NT24,NT24-3.jpg
NT24,NT24-4.jpg
NT24,NT24-5.jpg
NT24,NT24-6.jpg
NT25,NT25-2.jpg
NT25,NT25-3.jpg
NT25,NT25-4.jpg
NT25,NT25-5.jpg
NT25,NT25-6.jpg
NT26,NT26-2.jpg
NT26,NT26-3.jpg
NT26,NT26-4.jpg
NT26,NT26-5.jpg
NT26,NT26-6.jpg
NT27,NT27-2.jpg
NT27,NT27-3.jpg
NT27,NT27-4.jpg
NT27,NT27-5.jpg
NT27,NT27-6.jpg
NT28,NT28-2.jpg
NT28,NT28-3.jpg
NT28,NT28-4.jpg
NT28,NT28-5.jpg
NT28,NT28-6.jpg
NT29,NT29-2.jpg
NT29,NT29-3.jpg
NT29,NT29-4.jpg
NT29,NT29-5.jpg
NT29,NT29-6.jpg
NT30,NT30-2.jpg
NT30,NT30-3.jpg
NT30,NT30-4.jpg
NT30,NT30-5.jpg
NT30,NT30-6.jpg
NT31,NT31-2.jpg
NT31,NT31-3.jpg
NT31,NT31-4.jpg
NT31,NT31-5.jpg
NT31,NT31-6.jpg
NT32,NT32-2.jpg
NT32,NT32-3.jpg
NT32,NT32-4.jpg
NT32,NT32-5.jpg
NT32,NT32-6.jpg
NT33,NT33-2.jpg
NT33,NT33-3.jpg
NT33,NT33-4.jpg
NT33,NT33-5.jpg
NT33,NT33-6.jpg
NT34,NT34-2.jpg
NT34,NT34-3.jpg
NT34,NT34-4.jpg
NT34,NT34-5.jpg
NT34,NT34-6.jpg
NT35,NT35-2.jpg
NT35,NT35-3.jpg
NT35,NT35-4.jpg
NT35,NT35-5.jpg
NT35,NT35-6.jpg
NT36,NT36-2.jpg
NT36,NT36-3.jpg
NT36,NT36-4.jpg
NT36,NT36-5.jpg
NT36,NT36-6.jpg
NT37,NT37-2.jpg
NT37,NT37-3.jpg
NT37,NT37-4.jpg
NT37,NT37-5.jpg
NT37,NT37-6.jpg
NT38,NT38-2.jpg
NT38,NT38-3.jpg
NT38,NT38-4.jpg
NT38,NT38-5.jpg
NT38,NT38-6.jpg
NT39,NT39-2.jpg
NT39,NT39-3.jpg
NT39,NT39-4.jpg
NT39,NT39-5.jpg
NT39,NT39-6.jpg
NT40,NT40-2.jpg
NT40,NT40-3.jpg
NT40,NT40-4.jpg
NT40,NT40-5.jpg
NT40,NT40-6.jpg
TP1,TP1-2.jpg
TP1,TP1-3.jpg
TP1,TP1-4.jpg
TP1,TP1-5.jpg
TP1,TP1-6.jpg
TP2,TP2-2.jpg
TP2,TP2-3.jpg
TP2,TP2-4.jpg
TP2,TP2-5.jpg
TP2,TP2-6.jpg
TP3,TP3-2.jpg
TP3,TP3-3.jpg
TP3,TP3-4.jpg
TP3,TP3-5.jpg
TP3,TP3-6.jpg
TP4,TP4-2.jpg
TP4,TP4-3.jpg
TP4,TP4-4.jpg
TP4,TP4-5.jpg
TP4,TP4-6.jpg
TP5,TP5-2.jpg
TP5,TP5-3.jpg
TP5,TP5-4.jpg
TP5,TP5-5.jpg
TP5,TP5-6.jpg
TP6,TP6-2.jpg
TP6,TP6-3.jpg
TP6,TP6-4.jpg
TP6,TP6-5.jpg
TP6,TP6-6.jpg
TP7,TP7-2.jpg
TP7,TP7-3.jpg
TP7,TP7-4.jpg
TP7,TP7-5.jpg
TP7,TP7-6.jpg
TP8,TP8-2.jpg
TP8,TP8-3.jpg
TP8,TP8-4.jpg
TP8,TP8-5.jpg
TP8,TP8-6.jpg
TP9,TP9-2.jpg
TP9,TP9-3.jpg
TP9,TP9-4.jpg
TP9,TP9-5.jpg
TP9,TP9-6.jpg
TP10,TP10-2.jpg
TP10,TP10-3.jpg
TP10,TP10-4.jpg
TP10,TP10-5.jpg
TP10,TP10-6.jpg
TP11,TP11-2.jpg
TP11,TP11-3.jpg
TP11,TP11-4.jpg
TP11,TP11-5.jpg
TP11,TP11-6.jpg
TP12,TP12-2.jpg
TP12,TP12-3.jpg
TP12,TP12-4.jpg
TP12,TP12-5.jpg
TP12,TP12-6.jpg
TP13,TP13-2.jpg
TP13,TP13-3.jpg
TP13,TP13-4.jpg
TP13,TP13-5.jpg
TP13,TP13-6.jpg
TP14,TP14-2.jpg
TP14,TP14-3.jpg
TP14,TP14-4.jpg
TP14,TP14-5.jpg
TP14,TP14-6.jpg
TP15,TP15-2.jpg
TP15,TP15-3.jpg
TP15,TP15-4.jpg
TP15,TP15-5.jpg
TP15,TP15-6.jpg
TP16,TP16-2.jpg
TP16,TP16-3.jpg
TP16,TP16-4.jpg
TP16,TP16-5.jpg
TP16,TP16-6.jpg
TP17,TP17-2.jpg
TP17,TP17-3.jpg
TP17,TP17-4.jpg
TP17,TP17-5.jpg
TP17,TP17-6.jpg
TP18,TP18-2.jpg
TP18,TP18-3.jpg
TP18,TP18-4.jpg
TP18,TP18-5.jpg
TP18,TP18-6.jpg
TP19,TP19-2.jpg
TP19,TP19-3.jpg
TP19,TP19-4.jpg
TP19,TP19-5.jpg
TP19,TP19-6.jpg
TP20,TP20-2.jpg
TP20,TP20-3.jpg
TP20,TP20-4.jpg
TP20,TP20-5.jpg
TP20,TP20-6.jpg
TN21,TN21-2.jpg
TN21,TN21-3.jpg
TN21,TN21-4.jpg
TN21,TN21-5.jpg
TN21,TN21-6.jpg
TN22,TN22-2.jpg
TN22,TN22-3.jpg
TN22,TN22-4.jpg
TN22,TN22-5.jpg
TN22,TN22-6.jpg
TN23,TN23-2.jpg
TN23,TN23-3.jpg
TN23,TN23-4.jpg
TN23,TN23-5.jpg
TN23,TN23-6.jpg
TN24,TN24-2.jpg
TN24,TN24-3.jpg
TN24,TN24-4.jpg
TN24,TN24-5.jpg
TN24,TN24-6.jpg
TN25,TN25-2.jpg
TN25,TN25-3.jpg
TN25,TN25-4.jpg
TN25,TN25-5.jpg
TN25,TN25-6.jpg
TN26,TN26-2.jpg
TN26,TN26-3.jpg
TN26,TN26-4.jpg
TN26,TN26-5.jpg
TN26,TN26-6.jpg
TN27,TN27-2.jpg
TN27,TN27-3.jpg
TN27,TN27-4.jpg
TN27,TN27-5.jpg
TN27,TN27-6.jpg
TN28,TN28-2.jpg
TN28,TN28-3.jpg
TN28,TN28-4.jpg
TN28,TN28-5.jpg
TN28,TN28-6.jpg
TN29,TN29-2.jpg
TN29,TN29-3.jpg
TN29,TN29-4.jpg
TN29,TN29-5.jpg
TN29,TN29-6.jpg
TN30,TN30-2.jpg
TN30,TN30-3.jpg
TN30,TN30-4.jpg
TN30,TN30-5.jpg
TN30,TN30-6.jpg
TN31,TN31-2.jpg
TN31,TN31-3.jpg
TN31,TN31-4.jpg
TN31,TN31-5.jpg
TN31,TN31-6.jpg
TN32,TN32-2.jpg
TN32,TN32-3.jpg
TN32,TN32-4.jpg
TN32,TN32-5.jpg
TN32,TN32-6.jpg
TN33,TN33-2.jpg
TN33,TN33-3.jpg
TN33,TN33-4.jpg
TN33,TN33-5.jpg
TN33,TN33-6.jpg
TN34,TN34-2.jpg
TN34,TN34-3.jpg
TN34,TN34-4.jpg
TN34,TN34-5.jpg
TN34,TN34-6.jpg
TN35,TN35-2.jpg
TN35,TN35-3.jpg
TN35,TN35-4.jpg
TN35,TN35-5.jpg
TN35,TN35-6.jpg
TN36,TN36-2.jpg
TN36,TN36-3.jpg
TN36,TN36-4.jpg
TN36,TN36-5.jpg
TN36,TN36-6.jpg
TN37,TN37-2.jpg
TN37,TN37-3.jpg
TN37,TN37-4.jpg
TN37,TN37-5.jpg
TN37,TN37-6.jpg
TN38,TN38-2.jpg
TN38,TN38-3.jpg
TN38,TN38-4.jpg
TN38,TN38-5.jpg
TN38,TN38-6.jpg
TN39,TN39-2.jpg
TN39,TN39-3.jpg
TN39,TN39-4.jpg
TN39,TN39-5.jpg
TN39,TN39-6.jpg
TN40,TN40-2.jpg
TN40,TN40-3.jpg
TN40,TN40-4.jpg
TN40,TN40-5.jpg
TN40,TN40-6.jpg
HC41,HC41-2.jpg
HC41,HC41-3.jpg
HC41,HC41-4.jpg
HC41,HC41-5.jpg
HC41,HC41-6.jpg
HC42,HC42-2.jpg
HC42,HC42-3.jpg
HC42,HC42-4.jpg
HC42,HC42-5.jpg
HC42,HC42-6.jpg
HC43,HC43-2.jpg
HC43,HC43-3.jpg
HC43,HC43-4.jpg
HC43,HC43-5.jpg
HC43,HC43-6.jpg
HC44,HC44-2.jpg
HC44,HC44-3.jpg
HC44,HC44-4.jpg
HC44,HC44-5.jpg
HC44,HC44-6.jpg
HC45,HC45-2.jpg
HC45,HC45-3.jpg
HC45,HC45-4.jpg
HC45,HC45-5.jpg
HC45,HC45-6.jpg
HC46,HC46-2.jpg
HC46,HC46-3.jpg
HC46,HC46-4.jpg
HC46,HC46-5.jpg
HC46,HC46-6.jpg
HC47,HC47-2.jpg
HC47,HC47-3.jpg
HC47,HC47-4.jpg
HC47,HC47-5.jpg
HC47,HC47-6.jpg
HC48,HC48-2.jpg
HC48,HC48-3.jpg
HC48,HC48-4.jpg
HC48,HC48-5.jpg
HC48,HC48-6.jpg
HC49,HC49-2.jpg
HC49,HC49-3.jpg
HC49,HC49-4.jpg
HC49,HC49-5.jpg
HC49,HC49-6.jpg
HC50,HC50-2.jpg
HC50,HC50-3.jpg
HC50,HC50-4.jpg
HC50,HC50-5.jpg
HC50,HC50-6.jpg
HC51,HC51-2.jpg
HC51,HC51-3.jpg
HC51,HC51-4.jpg
HC51,HC51-5.jpg
HC51,HC51-6.jpg
HC52,HC52-2.jpg
HC52,HC52-3.jpg
HC52,HC52-4.jpg
HC52,HC52-5.jpg
HC52,HC52-6.jpg
HC53,HC53-2.jpg
HC53,HC53-3.jpg
HC53,HC53-4.jpg
HC53,HC53-5.jpg
HC53,HC53-6.jpg
HC54,HC54-2.jpg
HC54,HC54-3.jpg
HC54,HC54-4.jpg
HC54,HC54-5.jpg
HC54,HC54-6.jpg
HC55,HC55-2.jpg
HC55,HC55-3.jpg
HC55,HC55-4.jpg
HC55,HC55-5.jpg
HC55,HC55-6.jpg
HC56,HC56-2.jpg
HC56,HC56-3.jpg
HC56,HC56-4.jpg
HC56,HC56-5.jpg
HC56,HC56-6.jpg
HC57,HC57-2.jpg
HC57,HC57-3.jpg
HC57,HC57-4.jpg
HC57,HC57-5.jpg
HC57,HC57-6.jpg
HC58,HC58-2.jpg
HC58,HC58-3.jpg
HC58,HC58-4.jpg
HC58,HC58-5.jpg
HC58,HC58-6.jpg
HC59,HC59-2.jpg
HC59,HC59-3.jpg
HC59,HC59-4.jpg
HC59,HC59-5.jpg
HC59,HC59-6.jpg
HC60,HC60-2.jpg
HC60,HC60-3.jpg
HC60,HC60-4.jpg
HC60,HC60-5.jpg
HC60,HC60-6.jpg
KL61,KL61-2.jpg
KL61,KL61-3.jpg
KL61,KL61-4.jpg
KL61,KL61-5.jpg
KL61,KL61-6.jpg
